date,ticker,volume,open,close,high,low,window_start,transactions
2025-01-02,HLT,1120854,248.56,245.12,248.75,244.135,1735794000000000000,27789
2025-01-03,HLT,827765,246.0,246.52,246.87,243.66,1735880400000000000,19319
2025-01-06,HLT,1334759,246.6,243.55,246.935,242.61,1736139600000000000,28363
2025-01-07,HLT,1167854,243.34,241.38,244.28,240.08,1736226000000000000,24337
2025-01-08,HLT,1124927,241.56,243.3,244.2687,241.56,1736312400000000000,26095
2025-01-10,HLT,1387361,242.28,240.69,244.8695,240.01,1736485200000000000,28550
2025-01-13,HLT,1179658,238.98,241.47,242.34,238.7085,1736744400000000000,21896
2025-01-14,HLT,1032372,244.03,244.97,245.74,241.86,1736830800000000000,24694
2025-01-15,HLT,1815077,248.99,243.92,249.45,242.82,1736917200000000000,29411
2025-01-16,HLT,2289668,244.46,246.65,248.19,244.46,1737003600000000000,35955
2025-01-17,HLT,1369247,248.31,246.61,248.6,246.48,1737090000000000000,24412
2025-01-21,HLT,2011696,247.61,247.5,248.96,244.8038,1737435600000000000,35853
2025-01-22,HLT,1346961,247.75,248.0,249.99,246.8,1737522000000000000,26269
2025-01-23,HLT,1221860,248.06,250.11,250.58,246.4,1737608400000000000,24587
2025-01-24,HLT,1061670,250.12,247.73,250.39,247.0,1737694800000000000,20950
2025-01-27,HLT,1175583,245.35,249.72,249.965,245.33,1737954000000000000,34897
2025-01-28,HLT,1578883,250.11,253.66,254.85,249.55,1738040400000000000,30670
2025-01-29,HLT,1442857,254.15,253.93,255.73,252.47,1738126800000000000,28308
2025-01-30,HLT,1019487,255.38,256.79,258.08,255.38,1738213200000000000,21392
2025-01-31,HLT,1888314,257.35,256.07,258.31,255.505,1738299600000000000,31391
2025-02-03,HLT,1167172,251.95,256.27,257.4,250.66,1738558800000000000,32566
2025-02-04,HLT,1187311,257.11,258.74,259.21,256.075,1738645200000000000,25843
2025-02-05,HLT,2106137,258.74,257.85,260.79,256.8307,1738731600000000000,40622
2025-02-06,HLT,3758217,257.68,270.39,273.78,257.68,1738818000000000000,55646
2025-02-07,HLT,1639617,270.07,269.69,274.18,268.21,1738904400000000000,35759
2025-02-10,HLT,1392909,271.11,267.48,271.47,265.435,1739163600000000000,31369
2025-02-11,HLT,2045125,263.5,269.12,270.8883,263.0,1739250000000000000,44307
2025-02-12,HLT,1841722,268.18,273.45,274.5287,268.17,1739336400000000000,35135
2025-02-13,HLT,1546941,275.22,269.52,275.22,267.77,1739422800000000000,34012
2025-02-14,HLT,1699288,270.78,265.87,271.0,264.71,1739509200000000000,33014
2025-02-18,HLT,1791076,265.78,268.87,269.3,262.9801,1739854800000000000,34606
2025-02-19,HLT,1551628,267.73,269.51,270.865,266.475,1739941200000000000,27952
2025-02-20,HLT,1111743,269.7,267.81,269.81,265.13,1740027600000000000,27509
2025-02-21,HLT,1797437,268.56,259.49,269.84,256.8,1740114000000000000,38150
2025-02-24,HLT,1423506,262.08,258.9,264.67,258.1,1740373200000000000,28910
2025-02-25,HLT,1304922,259.95,257.95,259.95,254.17,1740459600000000000,34604
2025-02-26,HLT,1235096,260.14,259.96,262.8,259.165,1740546000000000000,27321
2025-02-27,HLT,1004097,260.96,259.1,263.62,258.365,1740632400000000000,26086
2025-02-28,HLT,1715065,260.18,264.96,265.26,259.95,1740718800000000000,31089
2025-03-03,HLT,1119448,264.9,263.58,267.885,260.986,1740978000000000000,32224
2025-03-04,HLT,1950230,259.69,259.56,262.8076,255.59,1741064400000000000,40997
2025-03-05,HLT,1284562,259.55,259.49,260.74,255.72,1741150800000000000,29062
2025-03-06,HLT,1704645,255.08,251.12,256.215,250.3185,1741237200000000000,37730
2025-03-07,HLT,2219324,250.11,247.14,250.11,242.225,1741323600000000000,47724
2025-03-10,HLT,3351574,242.63,238.9,243.265,237.1,1741579200000000000,59061
2025-03-11,HLT,4283243,236.76,231.83,238.46,229.16,1741665600000000000,74143
2025-03-12,HLT,3361478,234.87,228.4,235.35,225.18,1741752000000000000,62440
2025-03-13,HLT,4308156,227.43,221.78,227.865,220.69,1741838400000000000,71596
2025-03-14,HLT,2766539,224.7,229.37,230.17,224.44,1741924800000000000,47232
2025-03-17,HLT,2486607,228.36,234.65,235.5,228.36,1742184000000000000,40803
2025-03-18,HLT,1693763,234.03,227.05,234.04,226.56,1742270400000000000,39424
2025-03-19,HLT,1454326,228.35,232.95,234.92,227.67,1742356800000000000,33104
2025-03-20,HLT,1413169,230.74,231.91,233.78,230.71,1742443200000000000,27613
2025-03-21,HLT,4380655,227.26,229.33,229.43,219.51,1742529600000000000,53964
2025-03-24,HLT,2097831,232.46,232.56,233.06,229.01,1742788800000000000,38831
2025-03-25,HLT,1882894,234.0,234.67,235.0,231.87,1742875200000000000,33343
2025-03-26,HLT,1735365,235.0,234.86,236.504,232.97,1742961600000000000,32914
2025-03-27,HLT,2225017,233.41,232.05,233.94,229.42,1743048000000000000,33721
2025-03-28,HLT,1942432,230.93,225.71,231.99,224.32,1743134400000000000,38564
2025-03-31,HLT,3838277,222.16,227.55,228.39,219.21,1743393600000000000,56756
2025-04-01,HLT,2005594,226.24,227.28,228.01,223.35,1743480000000000000,35637
2025-04-02,HLT,1508347,224.39,231.38,232.04,224.2,1743566400000000000,29217
2025-04-03,HLT,4213405,219.85,217.38,223.32,215.99,1743652800000000000,66384
2025-04-04,HLT,5071324,212.18,208.85,216.155,207.205,1743739200000000000,85813
2025-04-07,HLT,6159056,202.155,204.14,214.38,199.6823,1743998400000000000,88785
2025-04-08,HLT,4003442,211.01,201.28,211.49,197.94,1744084800000000000,68787
2025-04-09,HLT,6665760,199.7,218.65,219.18,196.04,1744171200000000000,98050
2025-04-10,HLT,3213944,213.69,209.92,214.13,204.26,1744257600000000000,60237
2025-04-11,HLT,2751842,208.53,212.41,213.9,205.03,1744344000000000000,49898
2025-04-14,HLT,2872636,211.75,210.13,213.24,206.66,1744603200000000000,52799
2025-04-15,HLT,2606045,211.32,211.32,213.05,210.37,1744689600000000000,36332
2025-04-16,HLT,2300003,209.27,209.09,213.03,206.86,1744776000000000000,38878
2025-04-17,HLT,2144574,210.8,210.45,212.445,208.885,1744862400000000000,34442
2025-04-21,HLT,2519364,209.0,204.59,209.1,201.15,1745208000000000000,47711
2025-04-22,HLT,1683822,206.6,210.64,211.09,206.6,1745294400000000000,35449
2025-04-23,HLT,2181162,217.165,215.36,221.99,213.82,1745380800000000000,40077
2025-04-24,HLT,1786900,214.5,219.36,220.24,214.04,1745467200000000000,37414
2025-04-25,HLT,1591648,219.56,219.62,221.27,217.24,1745553600000000000,31935
2025-04-28,HLT,2705241,220.91,221.6,225.18,219.23,1745812800000000000,50328
2025-04-29,HLT,3078966,224.6,226.41,227.64,221.595,1745899200000000000,53846
2025-04-30,HLT,2455079,223.035,225.48,225.83,217.05,1745985600000000000,46713
2025-05-01,HLT,3868928,226.905,234.09,235.79,226.905,1746072000000000000,61681
2025-05-02,HLT,2992458,235.2,240.9,241.52,235.2,1746158400000000000,49373
2025-05-05,HLT,1593221,238.41,238.96,241.37,237.535,1746417600000000000,30836
2025-05-06,HLT,1777567,238.0,236.59,239.9321,235.985,1746504000000000000,34571
2025-05-07,HLT,2099889,238.07,241.65,244.38,237.57,1746590400000000000,43639
2025-05-08,HLT,1787831,242.9,243.18,246.1,241.49,1746676800000000000,37114
2025-05-09,HLT,1300602,242.55,243.01,243.615,240.76,1746763200000000000,30835
2025-05-12,HLT,2988602,256.01,252.42,259.56,249.8425,1747022400000000000,54392
2025-05-13,HLT,2030893,253.92,256.01,258.21,253.105,1747108800000000000,38260
2025-05-14,HLT,2098117,255.5,253.0,257.1594,252.78,1747195200000000000,32042
2025-05-15,HLT,1550286,251.72,252.49,253.53,251.035,1747281600000000000,35067
2025-05-16,HLT,1706368,252.35,255.77,255.87,250.47,1747368000000000000,26838
2025-05-19,HLT,1072812,252.82,256.45,257.2399,252.0,1747627200000000000,25198
2025-05-20,HLT,1627224,254.83,253.41,255.63,252.52,1747713600000000000,31402
2025-05-21,HLT,2064978,250.11,246.76,251.24,246.49,1747800000000000000,35204
2025-05-22,HLT,1463566,246.68,246.64,248.17,245.24,1747886400000000000,29516
2025-05-23,HLT,1058296,243.12,244.77,245.77,243.07,1747972800000000000,27624
2025-05-27,HLT,2112410,247.97,253.08,253.4709,247.97,1748318400000000000,39611
2025-05-28,HLT,1725342,253.0,250.78,253.7799,250.295,1748404800000000000,32305
2025-05-29,HLT,1501420,250.99,248.26,252.67,246.81,1748491200000000000,34782
2025-05-30,HLT,2149710,247.76,248.44,249.47,246.15,1748577600000000000,35074
2025-06-02,HLT,1878907,247.66,249.13,249.48,243.54,1748836800000000000,36078
2025-06-03,HLT,1676179,248.82,251.1,252.79,248.795,1748923200000000000,35219
2025-06-04,HLT,1255908,251.12,249.43,252.13,249.235,1749009600000000000,29900
2025-06-05,HLT,1024425,249.0,248.47,250.91,247.275,1749096000000000000,24072
2025-06-06,HLT,1708163,250.98,252.81,253.32,249.51,1749182400000000000,33134
2025-06-09,HLT,1080980,252.82,252.07,254.12,251.28,1749441600000000000,27054
2025-06-10,HLT,1503272,252.53,253.54,253.94,251.55,1749528000000000000,31880
2025-06-11,HLT,1624516,254.32,253.54,256.66,252.34,1749614400000000000,37360
2025-06-12,HLT,1609141,251.9,250.55,253.15,249.5,1749700800000000000,30791
2025-06-13,HLT,2254890,245.83,243.88,248.64,241.45,1749787200000000000,41470
2025-06-16,HLT,1420576,246.7,247.35,248.81,246.125,1750046400000000000,29933
2025-06-17,HLT,1648437,245.65,246.97,249.43,245.65,1750132800000000000,30774
2025-06-18,HLT,1526901,247.75,247.56,250.54,246.59,1750219200000000000,29607
2025-06-20,HLT,3576586,249.29,248.86,250.8,246.62,1750392000000000000,35480
2025-06-23,HLT,1828388,248.79,252.34,252.44,243.53,1750651200000000000,38964
2025-06-24,HLT,2349908,254.37,255.93,257.42,253.0725,1750737600000000000,34353
2025-06-25,HLT,1785263,256.76,253.72,256.76,251.57,1750824000000000000,32756
2025-06-26,HLT,1584678,254.55,257.49,258.05,253.72,1750910400000000000,38745
2025-06-27,HLT,8694882,257.69,265.5,266.24,257.69,1750996800000000000,69003
2025-06-30,HLT,3011473,265.61,266.34,266.69,262.74,1751256000000000000,42903
2025-07-01,HLT,2207038,265.42,268.96,270.45,264.7,1751342400000000000,46874
2025-07-02,HLT,1292899,268.69,270.11,270.78,268.01,1751428800000000000,30720
2025-07-03,HLT,928231,271.32,273.42,274.29,271.32,1751515200000000000,22692
2025-07-07,HLT,1492365,272.1,270.85,274.33,268.17,1751860800000000000,36981
2025-07-08,HLT,1676516,271.85,272.96,274.807,271.05,1751947200000000000,33085
2025-07-09,HLT,1274123,274.56,272.53,274.81,270.02,1752033600000000000,30288
2025-07-10,HLT,1349469,273.9,277.48,277.77,273.01,1752120000000000000,31767
2025-07-11,HLT,1327457,275.99,277.31,277.86,275.15,1752206400000000000,26122
2025-07-14,HLT,2033486,277.27,278.65,279.29,274.05,1752465600000000000,35902
2025-07-15,HLT,1756404,278.65,274.34,279.46,273.55,1752552000000000000,32055
2025-07-16,HLT,1489975,275.26,273.47,275.94,271.68,1752638400000000000,34634
2025-07-17,HLT,1503860,273.27,272.21,274.48,270.04,1752724800000000000,30542
2025-07-18,HLT,2352514,273.39,272.68,273.86,271.12,1752811200000000000,43267
2025-07-21,HLT,2139940,273.85,270.85,274.51,270.85,1753070400000000000,38592
2025-07-22,HLT,2929961,272.51,273.84,275.27,270.715,1753156800000000000,49835
2025-07-23,HLT,3727245,264.9,266.85,271.52,264.0,1753243200000000000,58293
2025-07-24,HLT,2397759,266.43,267.57,271.305,266.31,1753329600000000000,40926
2025-07-25,HLT,1735698,269.19,273.65,274.36,267.71,1753416000000000000,36388
2025-07-28,HLT,1753804,273.16,270.57,273.9,270.05,1753675200000000000,37350
2025-07-29,HLT,1810763,271.52,273.06,273.15,269.83,1753761600000000000,36768
2025-07-30,HLT,1558860,273.64,273.29,275.98,272.105,1753848000000000000,36031
2025-07-31,HLT,2313800,273.06,268.08,274.25,267.35,1753934400000000000,44913
2025-08-01,HLT,1965471,264.7,260.84,264.7,257.61,1754020800000000000,47035
2025-08-04,HLT,1129189,261.49,262.42,262.77,260.29,1754280000000000000,29170
2025-08-05,HLT,1370576,261.62,260.15,262.4,257.5,1754366400000000000,30981
2025-08-06,HLT,1200503,259.73,260.95,262.0,258.1,1754452800000000000,27251
2025-08-07,HLT,1277795,264.42,260.92,265.03,259.19,1754539200000000000,31132
2025-08-08,HLT,1957946,261.21,262.3,265.22,258.57,1754625600000000000,35521
2025-08-11,HLT,1523273,260.9,261.05,263.45,260.01,1754884800000000000,31913
2025-08-12,HLT,1408405,262.66,268.77,269.02,262.33,1754971200000000000,28599
2025-08-13,HLT,1763069,268.45,272.85,273.47,267.565,1755057600000000000,36418
2025-08-14,HLT,1065166,271.36,270.34,271.63,269.42,1755144000000000000,25845
2025-08-15,HLT,1699134,271.12,267.73,271.12,267.59,1755230400000000000,28716
2025-08-18,HLT,1586814,267.36,269.15,270.77,266.425,1755489600000000000,29711
2025-08-19,HLT,1604258,268.53,271.73,273.82,268.33,1755576000000000000,28428
2025-08-20,HLT,1303811,269.85,269.9,272.33,268.855,1755662400000000000,30468
2025-08-21,HLT,1259774,268.66,269.19,270.785,267.64,1755748800000000000,26254
2025-08-22,HLT,1578623,271.01,277.5,278.64,270.0501,1755835200000000000,35324
2025-08-25,HLT,1242222,277.55,274.07,278.01,272.94,1756094400000000000,30038
2025-08-26,HLT,1366042,274.36,275.34,276.96,273.5,1756180800000000000,29625
2025-08-27,HLT,1294909,275.12,276.4,277.62,274.545,1756267200000000000,28251
2025-08-28,HLT,1728906,277.62,276.3,277.655,275.82,1756353600000000000,29650
2025-08-29,HLT,1108681,274.4,276.06,277.59,273.042,1756440000000000000,23915
2025-09-02,HLT,1856226,273.1,276.01,276.26,271.06,1756785600000000000,36012
2025-09-03,HLT,1244749,275.78,275.0,279.73,274.625,1756872000000000000,28316
2025-09-04,HLT,2003643,275.74,278.06,279.26,274.68,1756958400000000000,35528
2025-09-05,HLT,1578860,278.2,272.3,279.805,270.23,1757044800000000000,34535
2025-09-08,HLT,1544745,272.45,277.8,277.9,271.87,1757304000000000000,33079
2025-09-09,HLT,863175,277.08,274.97,277.41,274.71,1757390400000000000,23522
2025-09-10,HLT,1131845,274.31,273.1,275.68,271.61,1757476800000000000,29302
2025-09-11,HLT,958683,273.49,278.22,278.7826,272.54,1757563200000000000,24308
2025-09-12,HLT,703554,277.83,274.73,277.89,274.685,1757649600000000000,20182
2025-09-15,HLT,1442799,274.81,271.25,275.1799,271.18,1757908800000000000,34981
2025-09-16,HLT,1126694,271.74,273.88,274.25,270.55,1757995200000000000,27934
2025-09-17,HLT,2551530,274.43,266.41,274.43,263.8989,1758081600000000000,48302
2025-09-18,HLT,1683366,266.78,266.3,268.85,265.59,1758168000000000000,36313
2025-09-19,HLT,3686524,267.81,268.61,269.565,266.0,1758254400000000000,34878
2025-09-22,HLT,1245904,266.2,266.58,267.97,265.3,1758513600000000000,29900
2025-09-23,HLT,1233640,267.27,263.7,268.72,263.63,1758600000000000000,30049
2025-09-24,HLT,2465845,264.02,263.17,266.1,260.05,1758686400000000000,45297
2025-09-25,HLT,2826082,262.76,261.28,262.76,260.24,1758772800000000000,43687
2025-09-26,HLT,1895074,263.03,261.75,264.74,261.34,1758859200000000000,40996
2025-09-29,HLT,1506517,263.03,262.28,264.34,260.96,1759118400000000000,33938
2025-09-30,HLT,2525530,260.89,259.44,263.0,257.885,1759204800000000000,38920
2025-10-01,HLT,2225337,257.81,256.75,259.41,255.05,1759291200000000000,42376
2025-10-02,HLT,1856257,256.64,258.91,259.53,255.4,1759377600000000000,39606
2025-10-03,HLT,1677453,258.9,258.43,259.485,256.89,1759464000000000000,32302
2025-10-06,HLT,2937844,258.23,260.18,261.915,257.48,1759723200000000000,48386
2025-10-07,HLT,2114623,260.59,258.64,261.2,256.39,1759809600000000000,35202
2025-10-08,HLT,1468413,258.56,260.06,262.24,256.175,1759896000000000000,34734
2025-10-09,HLT,1643998,261.06,260.1,264.15,260.03,1759982400000000000,26851
2025-10-10,HLT,1857701,260.87,259.53,264.14,257.62,1760068800000000000,40937
2025-10-13,HLT,1342317,260.54,263.36,265.51,259.795,1760328000000000000,31799
2025-10-14,HLT,1040265,261.54,268.4,268.65,261.39,1760414400000000000,24407
2025-10-15,HLT,1416470,268.4,265.11,270.629,263.235,1760500800000000000,33728
2025-10-16,HLT,2501991,265.52,257.47,266.31,256.7,1760587200000000000,42849
2025-10-17,HLT,1519399,257.43,260.27,261.94,257.43,1760673600000000000,31020
2025-10-20,HLT,1762672,260.53,261.04,263.99,260.14,1760932800000000000,35388
2025-10-21,HLT,2082501,260.0,265.96,267.245,259.46,1761019200000000000,42556
2025-10-22,HLT,3310234,274.0,275.06,279.6,272.12,1761105600000000000,61994
2025-10-23,HLT,2173825,274.12,267.63,275.855,266.59,1761192000000000000,44792
2025-10-24,HLT,1196123,269.53,267.77,270.39,266.76,1761278400000000000,31836
2025-10-27,HLT,1577158,268.99,266.22,271.13,265.13,1761537600000000000,34088
2025-10-28,HLT,1690796,265.22,260.9,266.3,260.435,1761624000000000000,37371
2025-10-29,HLT,2098556,260.37,260.39,263.69,257.48,1761710400000000000,40311
2025-10-30,HLT,1697456,260.01,260.18,263.31,258.13,1761796800000000000,37253
2025-10-31,HLT,1903090,259.95,256.96,260.59,254.27,1761883200000000000,40973
2025-11-03,HLT,1741057,255.76,259.09,259.63,253.54,1762146000000000000,48204
2025-11-04,HLT,1720451,257.24,258.64,260.89,256.24,1762232400000000000,48789
2025-11-05,HLT,1697344,259.31,264.46,265.46,257.04,1762318800000000000,49417
2025-11-06,HLT,1598798,264.3,265.27,268.53,263.6648,1762405200000000000,43745
2025-11-07,HLT,1904091,266.47,273.32,273.88,265.45,1762491600000000000,56148
2025-11-10,HLT,1587226,274.23,274.54,277.345,272.07,1762750800000000000,45029
2025-11-11,HLT,1636427,273.99,273.61,275.16,272.81,1762837200000000000,34963
2025-11-12,HLT,1274625,273.22,274.8,277.68,272.79,1762923600000000000,38055
2025-11-13,HLT,1410899,274.79,269.89,277.37,269.8,1763010000000000000,42595
2025-11-14,HLT,1276814,268.5,269.67,270.5,265.88,1763096400000000000,45899
2025-11-17,HLT,1374590,270.26,266.05,270.26,264.87,1763355600000000000,38171
2025-11-18,HLT,1623073,264.91,267.94,270.32,264.91,1763442000000000000,42122
2025-11-19,HLT,1234522,268.02,267.01,269.16,265.54,1763528400000000000,35303
2025-11-20,HLT,1108443,268.01,264.32,269.99,263.945,1763614800000000000,36698
2025-11-21,HLT,2148452,266.39,274.48,277.03,264.32,1763701200000000000,55141
2025-11-24,HLT,2097336,274.84,274.33,276.0,271.925,1763960400000000000,51372
2025-11-25,HLT,2364106,275.85,284.73,285.97,274.93,1764046800000000000,62605
2025-11-26,HLT,1870968,284.8,285.77,287.31,283.63,1764133200000000000,48911
2025-11-28,HLT,756133,285.0,285.03,287.395,284.211,1764306000000000000,22478
2025-12-01,HLT,1917555,283.95,283.04,285.65,282.41,1764565200000000000,38211
2025-12-02,HLT,2039077,283.67,281.18,283.67,277.57,1764651600000000000,43114
2025-12-03,HLT,1279124,280.83,280.24,283.6,278.8142,1764738000000000000,36554
2025-12-04,HLT,1529862,276.05,273.45,278.4199,272.145,1764824400000000000,43457
2025-12-05,HLT,1314553,273.31,272.25,274.62,271.23,1764910800000000000,34788
2025-12-08,HLT,1137102,271.46,269.82,273.035,268.55,1765170000000000000,37757
2025-12-09,HLT,1346038,269.36,269.25,271.6,268.94,1765256400000000000,33593
2025-12-10,HLT,1573997,270.44,271.23,271.43,267.19,1765342800000000000,42839
2025-12-11,HLT,1562995,272.16,278.18,279.43,269.99,1765429200000000000,42300
2025-12-12,HLT,1235334,280.07,280.24,282.56,279.5,1765515600000000000,36834
2025-12-15,HLT,1998380,284.63,285.85,287.36,282.97,1765774800000000000,57973
2025-12-16,HLT,1893759,285.85,285.83,287.04,283.25,1765861200000000000,46645
2025-12-17,HLT,3696141,285.8,293.0,294.7,285.06,1765947600000000000,80202
2025-12-18,HLT,2172987,292.86,287.67,294.92,285.8,1766034000000000000,51023
2025-12-19,HLT,3236954,288.49,292.25,293.63,287.62,1766120400000000000,54222
2025-12-22,HLT,1103654,292.67,292.55,294.53,291.56,1766379600000000000,34911
2025-12-23,HLT,1084848,292.22,291.38,293.84,290.98,1766466000000000000,31485
2025-12-24,HLT,485843,291.28,293.3,293.59,290.505,1766552400000000000,15242
2025-12-26,HLT,601714,292.81,293.48,294.69,292.505,1766725200000000000,20728
2025-12-29,HLT,982531,292.52,292.36,292.64,290.52,1766984400000000000,29932
2025-12-30,HLT,1201852,291.4,290.43,292.3,289.951,1767070800000000000,32587
2025-12-31,HLT,1254128,289.77,287.25,290.39,287.15,1767157200000000000,36508
